sweep,colormap,param,nMAE,SSIM
quality,copper,50,2.0148293773946913,0.7399788504455932
quality,copper,65,1.8708023587087588,0.7654370493763348
quality,copper,75,1.7648145423273758,0.7885702736205026
quality,copper,85,1.4753261602268875,0.8576090153324423
quality,copper,95,1.0617477477374588,0.9285708170757608
resolution,copper,256,1.4753261602268875,0.8576090153324423
resolution,copper,192,1.3857418160605433,0.9049920566359301
resolution,copper,128,1.6474159015741299,0.9067680464479053
resolution,copper,96,1.5161203754928088,0.9202225804905707
resolution,copper,64,1.8458723029212514,0.9303470602994233
quality,hot,50,1.8717625709177887,0.7274404697445409
quality,hot,65,1.742239772370336,0.7640431442685544
quality,hot,75,1.6210894893781285,0.7988567455880391
quality,hot,85,1.4191153453435321,0.8492929657470114
quality,hot,95,1.0902684339846802,0.9076842598665018
resolution,hot,256,1.4191153453435321,0.8492929657470114
resolution,hot,192,1.4777186706767436,0.8754427608270918
resolution,hot,128,1.671160157326065,0.8971092988770693
resolution,hot,96,1.4713722196472068,0.9185046895716826
resolution,hot,64,1.6658440270782564,0.936476313348484
quality,jet,50,1.8930347777741923,0.6906806178751461
quality,jet,65,1.7512096624211635,0.7317321468145429
quality,jet,75,1.6341755749092797,0.7658221935452356
quality,jet,85,1.4373895643654575,0.8139525318237084
quality,jet,95,1.2526176804352012,0.8447188320644307
resolution,jet,256,1.4373895643654575,0.8139525318237084
resolution,jet,192,1.46265852226153,0.8650287401792579
resolution,jet,128,1.560759328014206,0.9013113472850972
resolution,jet,96,1.3922635005427393,0.9183075789036077
resolution,jet,64,1.7069635537217127,0.9256067440344966
quality,viridis,50,2.3907802795733692,0.5830384228105118
quality,viridis,65,2.3654191948045007,0.6079857456934514
quality,viridis,75,2.2586487626495453,0.6165081520265955
quality,viridis,85,2.1236169980386843,0.6698811348952123
quality,viridis,95,1.779007036129285,0.7585693537442951
resolution,viridis,256,2.1236169980386843,0.6698811348952123
resolution,viridis,192,2.2530006006334,0.7352397109066213
resolution,viridis,128,2.4663356206260643,0.8057559280703662
resolution,viridis,96,2.0972742306472023,0.8616719584847657
resolution,viridis,64,2.0707550431602435,0.9254953502883491
quality,copper,50,2.819790345313681,0.7218061897444018
quality,copper,65,2.5180682601032176,0.782895141753334
quality,copper,75,2.3635409048130556,0.8029134295275836
quality,copper,85,2.0165384914090336,0.8623543853131516
quality,copper,95,1.5331347811447165,0.9208287312615457
resolution,copper,256,2.0165384914090336,0.8623543853131516
resolution,copper,192,1.493220686234996,0.9212586497189571
resolution,copper,128,1.2944674877866593,0.9416573544363943
resolution,copper,96,1.317932012311977,0.9492593245214946
resolution,copper,64,1.0097920773231435,0.9686221690605656
quality,hot,50,2.6713436614987107,0.7653047194644107
quality,hot,65,2.5035328863253272,0.7967109690102945
quality,hot,75,2.2770257192937686,0.8341122257286775
quality,hot,85,1.9669390215526692,0.8767790760260884
quality,hot,95,1.6762849067815717,0.9133348368180593
resolution,hot,256,1.9669390215526692,0.8767790760260884
resolution,hot,192,1.6454191988878284,0.9082008082885282
resolution,hot,128,1.4444087363674623,0.9328457053689612
resolution,hot,96,1.4451266271982404,0.9417295252276241
resolution,hot,64,1.2296350745145874,0.9543853098100431
quality,jet,50,3.364629383372391,0.5147070929710664
quality,jet,65,3.0916941043237935,0.5882084573380556
quality,jet,75,2.886128346818508,0.6375729405160278
quality,jet,85,2.667420983073578,0.6820160668991427
quality,jet,95,2.5790054161623974,0.6962091054791294
resolution,jet,256,2.667420983073578,0.6820160668991427
resolution,jet,192,2.0520322642699766,0.8243026932562348
resolution,jet,128,1.5637437458191399,0.9140247209568167
resolution,jet,96,1.637183600642526,0.9215758089361609
resolution,jet,64,1.44723369114015,0.946139244924323
quality,viridis,50,3.7272295776892466,0.46598440716090916
quality,viridis,65,3.650388901463402,0.49391072761330806
quality,viridis,75,3.5304114490036245,0.5196809826771296
quality,viridis,85,3.3274442989440205,0.5766548898965412
quality,viridis,95,2.707692644616345,0.7224835664689948
resolution,viridis,256,3.3274442989440205,0.5766548898965412
resolution,viridis,192,2.8515611324097674,0.6905866937678764
resolution,viridis,128,2.5005387084763084,0.7844421600452915
resolution,viridis,96,2.419468892816984,0.8330550374188819
resolution,viridis,64,1.6204335783486603,0.9267458395522854
quality,copper,50,2.5033165673379196,0.8078201168383697
quality,copper,65,2.14266274063329,0.8621828469778787
quality,copper,75,2.115361038575369,0.8625886467922149
quality,copper,85,1.7881229040762836,0.9034804082784705
quality,copper,95,1.3304668154810995,0.9435837209265333
resolution,copper,256,1.7881229040762836,0.9034804082784705
resolution,copper,192,1.4542195972862144,0.9404187476865417
resolution,copper,128,1.2012881530135042,0.9579060089627527
resolution,copper,96,1.074421209385229,0.9667215921539727
resolution,copper,64,0.9307128177271495,0.9787974474892587
quality,hot,50,2.2808613282535437,0.8360296565426045
quality,hot,65,2.088443982335145,0.8614586196619484
quality,hot,75,1.9165760489933934,0.8854346905078535
quality,hot,85,1.6077050039087888,0.9200062092472292
quality,hot,95,1.3017608553915798,0.949787787059537
resolution,hot,256,1.6077050039087888,0.9200062092472292
resolution,hot,192,1.3588451285875958,0.9495139716876629
resolution,hot,128,1.1416867410609917,0.9633687910124532
resolution,hot,96,1.0332947863208148,0.9659599825024217
resolution,hot,64,1.0339477776994206,0.9669356683427888
quality,jet,50,2.827173254158464,0.6907447418957579
quality,jet,65,2.5127573221180937,0.7578177260631068
quality,jet,75,2.273903973476155,0.8031716943379695
quality,jet,85,2.026369303003782,0.8418786072811686
quality,jet,95,1.9014390883337173,0.8584578259933533
resolution,jet,256,2.026369303003782,0.8418786072811686
resolution,jet,192,1.5891306181769145,0.9177366656851321
resolution,jet,128,1.1180238112363543,0.9625291419557231
resolution,jet,96,0.9783437365299968,0.9704160812341418
resolution,jet,64,0.9521366878818562,0.9666294862759102
quality,viridis,50,3.694411371034914,0.5666482846072366
quality,viridis,65,3.4883939690552417,0.6085526187611218
quality,viridis,75,3.246033415313393,0.6568267345491771
quality,viridis,85,2.8853781071021674,0.7195116446847178
quality,viridis,95,2.1468400973655077,0.8476273827076717
resolution,viridis,256,2.8853781071021674,0.7195116446847178
resolution,viridis,192,2.5220997692606097,0.8061957266914874
resolution,viridis,128,2.0284441583319723,0.880541703709223
resolution,viridis,96,1.730354749085497,0.9173610653341053
resolution,viridis,64,1.3402832068993082,0.9627739509010892
quality,copper,50,2.8727188696730166,0.6903876298896849
quality,copper,65,2.5158861525863814,0.7565535317681747
quality,copper,75,2.2837467637313056,0.7979083474067287
quality,copper,85,1.9409209096178164,0.8557656339847252
quality,copper,95,1.4760714554134116,0.9174858454608241
resolution,copper,256,1.9409209096178164,0.8557656339847252
resolution,copper,192,1.8210635031941498,0.90744537993971
resolution,copper,128,1.5363043433256394,0.9320668327811005
resolution,copper,96,1.6289371864025322,0.9396826072328979
resolution,copper,64,1.3414841860127515,0.9607165728585668
quality,hot,50,2.7308554792315443,0.7505482824905697
quality,hot,65,2.5845899501991534,0.7840274623962531
quality,hot,75,2.3525294625393554,0.8167916290683184
quality,hot,85,2.0187442678450513,0.8669162663714776
quality,hot,95,1.6720186625345441,0.9095873212729879
resolution,hot,256,2.0187442678450513,0.8669162663714776
resolution,hot,192,2.85085485756648,0.8345970820941867
resolution,hot,128,3.02385997149453,0.7984532511382733
resolution,hot,96,3.4980477348558705,0.7700937123834024
resolution,hot,64,3.40852392302958,0.7424498349838731
quality,jet,50,3.3271452798099226,0.4725899752266766
quality,jet,65,3.2072298053546535,0.5253067789982139
quality,jet,75,3.0006984947263105,0.566770201422849
quality,jet,85,2.7674033917771164,0.6061706342296641
quality,jet,95,2.6416932738444423,0.6249372894274898
resolution,jet,256,2.7674033917771164,0.6061706342296641
resolution,jet,192,2.872302935129779,0.7580560515246338
resolution,jet,128,2.200139569824415,0.8897019520178208
resolution,jet,96,2.3566214848522793,0.9078976945826455
resolution,jet,64,2.1844860369011876,0.9380381233743434
quality,viridis,50,3.3969804887540733,0.487712764884834
quality,viridis,65,3.376489227059968,0.48907037141445786
quality,viridis,75,3.2781635711143515,0.5135079586891732
quality,viridis,85,3.0876090499550854,0.5651604487602138
quality,viridis,95,2.6504720466003477,0.6874682839710035
resolution,viridis,256,3.0876090499550854,0.5651604487602138
resolution,viridis,192,3.296293621510692,0.6500776215980477
resolution,viridis,128,2.7147592676632155,0.7653087801759183
resolution,viridis,96,2.6295155031021684,0.8212763685134581
resolution,viridis,64,1.7922022067094108,0.9141360152227662
quality,copper,50,2.7064415511164968,0.771936190615585
quality,copper,65,2.4366894425290377,0.8073227955087169
quality,copper,75,2.3727320606553572,0.8256235000309169
quality,copper,85,2.037574495733574,0.864351852071482
quality,copper,95,1.4322940751985773,0.9323299758675637
resolution,copper,256,2.037574495733574,0.864351852071482
resolution,copper,192,1.8597628696104498,0.91683691134942
resolution,copper,128,1.7747829346362147,0.9411540628853594
resolution,copper,96,1.791558977049902,0.9546744529820071
resolution,copper,64,1.6351428246144022,0.9710505979184002
quality,hot,50,2.7614798044100324,0.7231639784681112
quality,hot,65,2.517360147106475,0.7614185072420939
quality,hot,75,2.330912675182526,0.7929158157354432
quality,hot,85,2.0322566210640134,0.8391079763758807
quality,hot,95,1.6295835458206231,0.9003681918554842
resolution,hot,256,2.0322566210640134,0.8391079763758807
resolution,hot,192,2.0207086519606845,0.8932920098855478
resolution,hot,128,2.075248893235262,0.9197766518443612
resolution,hot,96,2.37023153189693,0.9251174832941791
resolution,hot,64,3.0247329826746574,0.9178319859414187
quality,jet,50,2.4249167034904833,0.7500261829572271
quality,jet,65,2.1808819691648265,0.7907543161034154
quality,jet,75,1.9917493242615874,0.8220029254216521
quality,jet,85,1.7529013617763884,0.8550489972207581
quality,jet,95,1.5753308580290077,0.8754206281289177
resolution,jet,256,1.7529013617763884,0.8550489972207581
resolution,jet,192,1.568803686306925,0.9156490586703646
resolution,jet,128,1.368437833896779,0.9459571375995809
resolution,jet,96,1.4062698847008814,0.9497345289828434
resolution,jet,64,1.4500212150504685,0.9555747292468308
quality,viridis,50,3.349174548035321,0.5907054528249035
quality,viridis,65,3.1322285576288014,0.6396384634901724
quality,viridis,75,2.9603251900269063,0.6731665406347725
quality,viridis,85,2.6177283527073505,0.7446932906877863
quality,viridis,95,2.224178872777437,0.8073498738389128
resolution,viridis,256,2.6177283527073505,0.7446932906877863
resolution,viridis,192,2.3054668204005413,0.8538881587728981
resolution,viridis,128,1.864657388897388,0.9258238527651412
resolution,viridis,96,1.7497488935679015,0.9491786761030361
resolution,viridis,64,1.3878505264185899,0.974228856590632
quality,copper,50,2.6870767370238533,0.7237866923741307
quality,copper,65,2.3808990351894463,0.784846284980949
quality,copper,75,2.1885037767269697,0.8164512746846867
quality,copper,85,1.8821081349353748,0.8665857809816906
quality,copper,95,1.380832794437861,0.9304797356841292
resolution,copper,256,1.8821081349353748,0.8665857809816906
resolution,copper,192,1.4717872679887456,0.9279252973257207
resolution,copper,128,1.3969500735164186,0.9478502904826102
resolution,copper,96,1.2739977925104928,0.9600788675424503
resolution,copper,64,1.0975364305933935,0.9774331991633786
quality,hot,50,2.905470620238113,0.6853655322809188
quality,hot,65,2.9656386168412263,0.6952707181700672
quality,hot,75,2.691043107218388,0.7318765644273482
quality,hot,85,2.400723440933126,0.788509601877736
quality,hot,95,2.013659491480867,0.8591649863235556
resolution,hot,256,2.400723440933126,0.788509601877736
resolution,hot,192,2.7607558968430537,0.8188143393699573
resolution,hot,128,3.3154731661861914,0.8276687040048779
resolution,hot,96,3.580787495710861,0.8317626050627973
resolution,hot,64,4.472487979043837,0.8108944665651562
quality,jet,50,2.724944507153577,0.6356001551307424
quality,jet,65,2.5438128436880616,0.6811070374120274
quality,jet,75,2.3908074212175308,0.721604036630325
quality,jet,85,2.215920472250344,0.7599653630392056
quality,jet,95,2.144489784019621,0.7722346085730821
resolution,jet,256,2.215920472250344,0.7599653630392056
resolution,jet,192,1.913615647116817,0.8636501186084086
resolution,jet,128,1.7574239449962101,0.9193151066950748
resolution,jet,96,1.6625657559876341,0.9314927534344153
resolution,jet,64,1.6818455093998466,0.9430270799969052
quality,viridis,50,3.322629357780984,0.5437782585348865
quality,viridis,65,3.2740811834890007,0.5526748335282007
quality,viridis,75,3.18779072310931,0.5789030601395434
quality,viridis,85,2.953890754644207,0.6333456259150451
quality,viridis,95,2.447826573731132,0.7506226194637063
resolution,viridis,256,2.953890754644207,0.6333456259150451
resolution,viridis,192,2.546517884509252,0.7631195667993282
resolution,viridis,128,2.2829667558940248,0.8512826774821163
resolution,viridis,96,1.919819917953448,0.9002742078820731
resolution,viridis,64,1.36484717428683,0.9598794511899938
quality,copper,50,2.457431128015694,0.7655088898480129
quality,copper,65,2.1889627417873596,0.807907387157003
quality,copper,75,2.013655634953907,0.8353701992239352
quality,copper,85,1.7574753281498716,0.8747690126741147
quality,copper,95,1.3118961358599335,0.9312164561142523
resolution,copper,256,1.7574753281498716,0.8747690126741147
resolution,copper,192,1.2451303212674,0.9368362583768033
resolution,copper,128,1.232685090523469,0.9539620941308372
resolution,copper,96,1.1843220489548283,0.9638993792951278
resolution,copper,64,1.0954825978272495,0.9771888180727991
quality,hot,50,2.432339153770529,0.7936144887715152
quality,hot,65,2.3777383722745995,0.8080897011930592
quality,hot,75,2.206544266131007,0.8318769928282098
quality,hot,85,1.9090906020725773,0.872434626590386
quality,hot,95,1.5222652278910425,0.9180125863151217
resolution,hot,256,1.9090906020725773,0.872434626590386
resolution,hot,192,1.6564409587118953,0.9060258217663931
resolution,hot,128,1.8779764287535823,0.9021066899709239
resolution,hot,96,1.9572063167237803,0.8940442401294201
resolution,hot,64,2.2461101644757657,0.8779884023792168
quality,jet,50,3.0068796421551722,0.5926152805144591
quality,jet,65,2.8860516426655547,0.645663852701606
quality,jet,75,2.647844726081582,0.6935223348901692
quality,jet,85,2.3818309812256593,0.7408276030272174
quality,jet,95,2.25041700532397,0.7613509433790685
resolution,jet,256,2.3818309812256593,0.7408276030272174
resolution,jet,192,1.7851446821097172,0.8712960951113107
resolution,jet,128,1.5971931056270556,0.9380187261265588
resolution,jet,96,1.501119709424629,0.9551669667026245
resolution,jet,64,1.54358732913111,0.9741616521803754
quality,viridis,50,3.162822057527909,0.575054938742993
quality,viridis,65,3.107814048910624,0.5742678192512566
quality,viridis,75,2.974250079149019,0.6083553560776037
quality,viridis,85,2.752963951966878,0.6601600296452069
quality,viridis,95,2.204790200355392,0.7824691015910961
resolution,viridis,256,2.752963951966878,0.6601600296452069
resolution,viridis,192,2.19536855527201,0.7846796948422288
resolution,viridis,128,2.1024572581323184,0.8556879955678337
resolution,viridis,96,1.8468061507355082,0.9010144367186242
resolution,viridis,64,1.4141724859721736,0.9577567143439729
quality,copper,50,2.7780536743829782,0.7729249167544424
quality,copper,65,2.470177426347168,0.8176661095018231
quality,copper,75,2.270492876694877,0.8442049062785939
quality,copper,85,1.9824783025587853,0.8814414268304696
quality,copper,95,1.4939833956476962,0.9331294114539408
resolution,copper,256,1.9824783025587853,0.8814414268304696
resolution,copper,192,1.4919280376559294,0.9337751696603533
resolution,copper,128,1.2465908456335735,0.9561961693687092
resolution,copper,96,1.2203768160149633,0.965268635118164
resolution,copper,64,0.987487142094676,0.980408268820338
quality,hot,50,2.779540805789048,0.8038102516208756
quality,hot,65,2.6783063084616754,0.8174595983545384
quality,hot,75,2.4818516956249312,0.8428906387379349
quality,hot,85,2.1041810201576747,0.8836028995133808
quality,hot,95,1.7550076457841548,0.920365879775025
resolution,hot,256,2.1041810201576747,0.8836028995133808
resolution,hot,192,1.9235142815598911,0.9082319683737089
resolution,hot,128,1.8844922464512632,0.9051006299436017
resolution,hot,96,2.0399073045958014,0.8949856221910462
resolution,hot,64,2.122390973218671,0.8795514357428605
quality,jet,50,3.4589865379294067,0.5737097914653964
quality,jet,65,3.2411719369980148,0.6415824630470938
quality,jet,75,2.9616460431146985,0.688819914963174
quality,jet,85,2.7167600342923466,0.7236675166974924
quality,jet,95,2.597182600371196,0.7409107349318983
resolution,jet,256,2.7167600342923466,0.7236675166974924
resolution,jet,192,2.147006593824264,0.8576734612370375
resolution,jet,128,1.556087368818685,0.945218854631484
resolution,jet,96,1.5491258650448547,0.957562327641673
resolution,jet,64,1.4333935733600633,0.9744568124320568
quality,viridis,50,3.76052574425587,0.5375755815189558
quality,viridis,65,3.7321475198050527,0.5331984698774358
quality,viridis,75,3.5791927992228154,0.572703938002397
quality,viridis,85,3.2653346824138194,0.6390886147333547
quality,viridis,95,2.602009274146503,0.773327385318985
resolution,viridis,256,3.2653346824138194,0.6390886147333547
resolution,viridis,192,2.698514720784504,0.7652152687050419
resolution,viridis,128,2.168782982517153,0.8599057503239639
resolution,viridis,96,1.9480970516720195,0.9063381630313903
resolution,viridis,64,1.2921697584550407,0.964065599430828
quality,copper,50,3.5325256988989513,0.7437052647512185
quality,copper,65,3.1409258358462497,0.7886058477448273
quality,copper,75,2.964012204043391,0.8071933901921261
quality,copper,85,2.432964075329145,0.874911355976187
quality,copper,95,1.716002393583473,0.9387262454832765
resolution,copper,256,2.432964075329145,0.874911355976187
resolution,copper,192,2.132774281967334,0.9337528434479127
resolution,copper,128,2.1127866808936266,0.9610885102051482
resolution,copper,96,1.982742639578176,0.9737338484998012
resolution,copper,64,1.6149168449988947,0.9890611004179686
quality,hot,50,3.3110189067076945,0.7575072840381317
quality,hot,65,3.0141700345940046,0.8018344973471142
quality,hot,75,2.751456334130584,0.8369512469977793
quality,hot,85,2.3559381015537104,0.8821172738404949
quality,hot,95,2.124586203395027,0.9056230640436201
resolution,hot,256,2.3559381015537104,0.8821172738404949
resolution,hot,192,2.1962361937282844,0.9278821463886122
resolution,hot,128,2.064877344975833,0.9614440200540987
resolution,hot,96,1.9149730090821444,0.9732186881406456
resolution,hot,64,1.7536038284427489,0.9866611728419459
quality,jet,50,3.5214842601581022,0.6449672937438695
quality,jet,65,3.198953657879437,0.7084464013553017
quality,jet,75,2.962854065700253,0.7475898472515672
quality,jet,85,2.750824588572645,0.7807862935363211
quality,jet,95,2.6773682188152006,0.7890845781113671
resolution,jet,256,2.750824588572645,0.7807862935363211
resolution,jet,192,2.2777907247347757,0.9044802628446719
resolution,jet,128,1.8570087769325647,0.9636828193388745
resolution,jet,96,1.8491783800331458,0.9686884890676568
resolution,jet,64,2.1978398537725234,0.9718466547425824
quality,viridis,50,4.689542288082635,0.49604783847794354
quality,viridis,65,4.507418968688716,0.5322415319556494
quality,viridis,75,4.261554651451314,0.5751503146090824
quality,viridis,85,3.8473952314716757,0.6586636080994719
quality,viridis,95,3.3101002203822545,0.7401826134176008
resolution,viridis,256,3.8473952314716757,0.6586636080994719
resolution,viridis,192,3.4688249441844174,0.8166580347963754
resolution,viridis,128,3.161116756416258,0.9108938355268027
resolution,viridis,96,2.8583485369763726,0.9448507866692977
resolution,viridis,64,2.3505446210290772,0.9762257473669387
quality,copper,50,3.436137038779763,0.7823541294286528
quality,copper,65,3.0134053374823484,0.8298920988590865
quality,copper,75,2.8871737946766256,0.8430401389119051
quality,copper,85,2.4336103598112153,0.8884848038672607
quality,copper,95,1.7752648637240305,0.9408861280249244
resolution,copper,256,2.4336103598112153,0.8884848038672607
resolution,copper,192,1.9588730948741566,0.9396875560729095
resolution,copper,128,1.74470731433141,0.9645509970409787
resolution,copper,96,1.6645540294124102,0.9762702700853095
resolution,copper,64,1.2503953407667612,0.9901347915068491
quality,hot,50,3.273514953348776,0.7846434816938628
quality,hot,65,3.0184649456331836,0.8184272612588557
quality,hot,75,2.784879167601301,0.847400909624868
quality,hot,85,2.415951555947297,0.8848678743463408
quality,hot,95,2.1515441252120038,0.912721529758648
resolution,hot,256,2.415951555947297,0.8848678743463408
resolution,hot,192,2.1729336489131366,0.92674159249744
resolution,hot,128,2.0092017325913822,0.9529328913342643
resolution,hot,96,2.0737238648486165,0.9608538149446574
resolution,hot,64,1.9696836195564518,0.9711290529314532
quality,jet,50,3.449658026855156,0.6726336547298849
quality,jet,65,3.141497542196085,0.7313830601055666
quality,jet,75,2.96580439516978,0.7600408644210898
quality,jet,85,2.7514189229057933,0.7881615826800644
quality,jet,95,2.6739130217729365,0.7990456523169541
resolution,jet,256,2.7514189229057933,0.7881615826800644
resolution,jet,192,2.0852446900945996,0.9080953003841431
resolution,jet,128,1.5386911221322375,0.9628961627514817
resolution,jet,96,1.5297847059544978,0.9696398923253965
resolution,jet,64,1.520357242377216,0.9670798938043147
quality,viridis,50,4.7503691397589405,0.5262618995916262
quality,viridis,65,4.479436526322383,0.5731351618346744
quality,viridis,75,4.228336771487965,0.6172150237451552
quality,viridis,85,3.8123764883939275,0.6929712824941862
quality,viridis,95,3.33870078543249,0.7612807904531932
resolution,viridis,256,3.8123764883939275,0.6929712824941862
resolution,viridis,192,3.0231580909198628,0.8440750108054831
resolution,viridis,128,2.3878522224890135,0.9279960437917956
resolution,viridis,96,2.20748217829371,0.9536099924475842
resolution,viridis,64,1.6523965072793145,0.9796921101356324
quality,copper,50,3.7697800586173287,0.6699869669497119
quality,copper,65,3.259899643895265,0.7533663444201507
quality,copper,75,2.978069891793771,0.7941577732035154
quality,copper,85,2.4690089680618326,0.8614820022246702
quality,copper,95,1.9037850946474537,0.9169183545006917
resolution,copper,256,2.4690089680618326,0.8614820022246702
resolution,copper,192,1.566523926370245,0.9138435025973413
resolution,copper,128,1.1783494661054743,0.9385193750103387
resolution,copper,96,1.0493879017598822,0.9505430959914648
resolution,copper,64,0.8891786666927722,0.9691520361581543
quality,hot,50,3.656166771914705,0.7061165939175991
quality,hot,65,3.3887503334182925,0.750132339436925
quality,hot,75,3.0676988109543215,0.7952930266968297
quality,hot,85,2.6791789404813455,0.8442434051090135
quality,hot,95,2.459236136021528,0.8698397944687347
resolution,hot,256,2.6791789404813455,0.8442434051090135
resolution,hot,192,1.828700215372912,0.8982039271273067
resolution,hot,128,1.455238691598928,0.9279322172669882
resolution,hot,96,1.497826925759772,0.9265398549932005
resolution,hot,64,1.8382396962765077,0.9178870849181022
quality,jet,50,4.500027218643713,0.35721121214326584
quality,jet,65,4.26120373609107,0.4339182194893269
quality,jet,75,4.090888608490764,0.4786526831826061
quality,jet,85,3.943665755192624,0.49935794198009137
quality,jet,95,3.8984547969080228,0.5019176643194857
resolution,jet,256,3.943665755192624,0.49935794198009137
resolution,jet,192,2.510695887476565,0.7297332630716025
resolution,jet,128,1.6032696652110796,0.8851958118648346
resolution,jet,96,1.503718822154384,0.8992505441336031
resolution,jet,64,1.4071059353436026,0.9329823368440698
quality,viridis,50,4.733686841310826,0.3851989264399691
quality,viridis,65,4.741632172988776,0.3773753154742444
quality,viridis,75,4.652088198099066,0.3955387941259448
quality,viridis,85,4.332871296696888,0.4823640160177159
quality,viridis,95,3.8183732394592558,0.6184738168934955
resolution,viridis,256,4.332871296696888,0.4823640160177159
resolution,viridis,192,3.004844440674547,0.6631658561975526
resolution,viridis,128,2.225622968138526,0.7937504678103532
resolution,viridis,96,1.904419824996234,0.8524905397565995
resolution,viridis,64,1.4662839319059187,0.9307393119185747
quality,copper,50,2.0328939086615603,0.7128098212834703
quality,copper,65,1.8649191203384965,0.7588617016911355
quality,copper,75,1.7104984574267468,0.7877458796724983
quality,copper,85,1.4720472041728854,0.8489234896184722
quality,copper,95,1.083372593077913,0.9199945073322586
resolution,copper,256,1.4720472041728854,0.8489234896184722
resolution,copper,192,0.9099546644389762,0.9409877934116737
resolution,copper,128,0.6792766600472544,0.966003879570091
resolution,copper,96,0.6118683243333698,0.9731319474734155
resolution,copper,64,0.5196753733239732,0.9819943844341071
quality,hot,50,1.7114612100507385,0.7704896464913148
quality,hot,65,1.606906762373713,0.7987874753801375
quality,hot,75,1.4883059667289127,0.8283691952644932
quality,hot,85,1.320316393808506,0.871361590796339
quality,hot,95,1.056392720153014,0.9183609692737053
resolution,hot,256,1.320316393808506,0.871361590796339
resolution,hot,192,0.9326848196755798,0.9382480950964326
resolution,hot,128,0.7837199823889283,0.9593736208043777
resolution,hot,96,0.7189884940094444,0.9600380491620744
resolution,hot,64,0.7582494688554593,0.9616983777355788
quality,jet,50,2.0328997560582684,0.6365824531377928
quality,jet,65,1.9767679143949815,0.6541406514187653
quality,jet,75,1.9251336042650267,0.6691666030442768
quality,jet,85,1.8191842471275341,0.7020726406632273
quality,jet,95,1.6946394676414827,0.7395780802106597
resolution,jet,256,1.8191842471275341,0.7020726406632273
resolution,jet,192,1.209996686837702,0.8669703107176572
resolution,jet,128,0.8132001323647784,0.9470052515695677
resolution,jet,96,0.6959522224850568,0.9610094294096443
resolution,jet,64,0.5955900316783077,0.9773124448019714
quality,viridis,50,2.340910437520318,0.6259070460874513
quality,viridis,65,2.292605939192339,0.6407514787939794
quality,viridis,75,2.17205951747013,0.6602158409395097
quality,viridis,85,2.1035027360494816,0.6732482811517012
quality,viridis,95,1.858218567351072,0.7429912608189035
resolution,viridis,256,2.1035027360494816,0.6732482811517012
resolution,viridis,192,1.5756364130304155,0.8195129269973961
resolution,viridis,128,1.1687194071524045,0.8995356199732428
resolution,viridis,96,1.036288838094478,0.9250957649000421
resolution,viridis,64,0.7860079082068622,0.9624155390756536
quality,copper,50,2.0791128336657088,0.7868519553116666
quality,copper,65,1.755635225086571,0.8228224630329756
quality,copper,75,1.701938188570211,0.8379324701585584
quality,copper,85,1.455311410981697,0.8762380745824042
quality,copper,95,1.08141955391132,0.935483541478479
resolution,copper,256,1.455311410981697,0.8762380745824042
resolution,copper,192,1.0377368249115033,0.9381309111723314
resolution,copper,128,0.8613931567307654,0.9570264696911749
resolution,copper,96,0.7659563220790503,0.9665561329712051
resolution,copper,64,0.7399962928401815,0.9759001106667059
quality,hot,50,1.5456483821017308,0.8384431098458968
quality,hot,65,1.4569339851010439,0.856799224010413
quality,hot,75,1.34642831685645,0.8780676925835907
quality,hot,85,1.1965839771859916,0.9057653269535274
quality,hot,95,0.9485525627403455,0.9437042960344145
resolution,hot,256,1.1965839771859916,0.9057653269535274
resolution,hot,192,0.9280742572960805,0.9472540100505694
resolution,hot,128,0.9349466965421143,0.9453256880973153
resolution,hot,96,0.9169013898834462,0.9391620152662409
resolution,hot,64,1.1502732076093893,0.905115007682424
quality,jet,50,1.7644714815911708,0.7099544232359082
quality,jet,65,1.6889965204943187,0.7349161479450647
quality,jet,75,1.6177614104978661,0.7510750040878856
quality,jet,85,1.5140523712551606,0.7749086563061128
quality,jet,95,1.3726319329839898,0.8068327034962448
resolution,jet,256,1.5140523712551606,0.7749086563061128
resolution,jet,192,1.0628979339088767,0.9067032505458986
resolution,jet,128,0.8470397974230989,0.9539812296883402
resolution,jet,96,0.6972382532438574,0.9596861826897668
resolution,jet,64,0.7101144231614519,0.9601862256104003
quality,viridis,50,2.640553930612292,0.6811823684918356
quality,viridis,65,2.2975931658910684,0.7160789038536192
quality,viridis,75,2.2756697387378906,0.7230115315224501
quality,viridis,85,2.109113932367881,0.754130621366759
quality,viridis,95,1.8088441782409785,0.8237102530401319
resolution,viridis,256,2.109113932367881,0.754130621366759
resolution,viridis,192,1.693090664399726,0.8515195825799022
resolution,viridis,128,1.3839315286273715,0.9021161920831622
resolution,viridis,96,1.1879313984439994,0.9288037890681438
resolution,viridis,64,1.1176629844638928,0.957943666606126
quality,copper,50,1.6064762829512513,0.8247970707765708
quality,copper,65,1.3746891899238094,0.859869966740323
quality,copper,75,1.2727922137308434,0.8776843952732781
quality,copper,85,1.22839940005052,0.881598891849361
quality,copper,95,0.9357413535600126,0.9287540610019528
resolution,copper,256,1.22839940005052,0.881598891849361
resolution,copper,192,0.9442488442928724,0.9298556658173228
resolution,copper,128,0.9024002412713357,0.9403006555461586
resolution,copper,96,0.8680685284225297,0.9468822694295074
resolution,copper,64,1.0111139198477477,0.9444722569178485
quality,hot,50,1.5518272526290653,0.7953256557854445
quality,hot,65,1.4808906699544755,0.8127009081520974
quality,hot,75,1.3794089287953761,0.8338103677381815
quality,hot,85,1.2567307485831325,0.8608816885225968
quality,hot,95,1.0560553675168811,0.9018286771020385
resolution,hot,256,1.2567307485831325,0.8608816885225968
resolution,hot,192,0.8956280476928431,0.9290272408911052
resolution,hot,128,0.7695196521067694,0.9537324407398697
resolution,hot,96,0.6917072000136384,0.9639204863783313
resolution,hot,64,0.7458360397736068,0.9662216107360052
quality,jet,50,1.1921320120219872,0.8835500913562021
quality,jet,65,1.1201510395275405,0.8963016789142445
quality,jet,75,1.0517349562794553,0.9087759470958392
quality,jet,85,0.9196246101655975,0.9297503361160636
quality,jet,95,0.705397902949761,0.9586802384408788
resolution,jet,256,0.9196246101655975,0.9297503361160636
resolution,jet,192,0.6226799892292015,0.967272911875949
resolution,jet,128,0.5271961821521358,0.9772153364152901
resolution,jet,96,0.4713353071768735,0.9803028313057051
resolution,jet,64,0.5046310361725856,0.9821091562284301
quality,viridis,50,1.6391953075354095,0.783620562364791
quality,viridis,65,1.5213124293473992,0.8088225354092389
quality,viridis,75,1.471592148900548,0.8216783749148127
quality,viridis,85,1.2905033048141261,0.8596888352774197
quality,viridis,95,1.0570339881434965,0.9051748677008721
resolution,viridis,256,1.2905033048141261,0.8596888352774197
resolution,viridis,192,0.8754611345122265,0.9325136245149037
resolution,viridis,128,0.678033396549227,0.9631973504279779
resolution,viridis,96,0.5616086555513703,0.9767097146461213
resolution,viridis,64,0.48783378839006825,0.9877531421603943
quality,copper,50,1.6880528867450562,0.8127083879106968
quality,copper,65,1.4256562381327562,0.8630255808050983
quality,copper,75,1.3392049676957793,0.881058237020457
quality,copper,85,1.1833156049891576,0.9061544050747412
quality,copper,95,0.9478241943331972,0.9397565157188249
resolution,copper,256,1.1833156049891576,0.9061544050747412
resolution,copper,192,1.1269168907176228,0.9311972598546192
resolution,copper,128,1.0472998828906408,0.9457715266237708
resolution,copper,96,1.1038895641167839,0.9529431895140403
resolution,copper,64,1.2133257854535684,0.9622563127043859
quality,hot,50,1.7985140364859313,0.8240260069590927
quality,hot,65,1.8923748150218151,0.8193927229273448
quality,hot,75,1.686803556284911,0.852156136009397
quality,hot,85,1.54548875549445,0.8754132387007605
quality,hot,95,1.2606491140830178,0.9131697745464153
resolution,hot,256,1.54548875549445,0.8754132387007605
resolution,hot,192,1.8653328240588702,0.8713399861778013
resolution,hot,128,2.0856592209344225,0.8686554201156009
resolution,hot,96,2.5155682027221586,0.8561592224487103
resolution,hot,64,3.6564751886986504,0.8181960861182829
quality,jet,50,1.9171459699774531,0.7264653107918928
quality,jet,65,1.8171099400122694,0.7568050027694172
quality,jet,75,1.6826516298644782,0.7872285701425478
quality,jet,85,1.5150199025519677,0.8259393942857769
quality,jet,95,1.3817395553305807,0.8512596886181236
resolution,jet,256,1.5150199025519677,0.8259393942857769
resolution,jet,192,1.509002335056046,0.8789928199238108
resolution,jet,128,1.3341636369838434,0.9283459887663573
resolution,jet,96,1.4345569333777102,0.9362704782102613
resolution,jet,64,1.8211032757804815,0.9491137071775544
quality,viridis,50,2.175367922411925,0.6892799289841931
quality,viridis,65,2.0522869042570626,0.6943687656796028
quality,viridis,75,1.9876223409652463,0.7193165352406508
quality,viridis,85,1.7951884115454952,0.7629501507442833
quality,viridis,95,1.497554131204766,0.8378975127148152
resolution,viridis,256,1.7951884115454952,0.7629501507442833
resolution,viridis,192,1.817839765373249,0.8093222172606206
resolution,viridis,128,1.6085339945528756,0.86496821407641
resolution,viridis,96,1.5683766008389124,0.8936964459408577
resolution,viridis,64,1.40992696014492,0.9452527224642547
quality,copper,50,1.4690062149371381,0.8269761450616279
quality,copper,65,1.278804525602991,0.8617746006671655
quality,copper,75,1.165855973854324,0.8784948952124568
quality,copper,85,0.99272937988009,0.9107255898362214
quality,copper,95,0.861658084323464,0.9295245905427636
resolution,copper,256,0.99272937988009,0.9107255898362214
resolution,copper,192,0.8389295725008363,0.943197856715949
resolution,copper,128,0.7117731350457364,0.9577105766624785
resolution,copper,96,0.6773253471482314,0.963214651846205
resolution,copper,64,0.6433548088666242,0.9712265986951946
quality,hot,50,1.187870642614314,0.8677341608509697
quality,hot,65,1.1159485599485235,0.8812960942809276
quality,hot,75,1.0552184085043932,0.8936870635093458
quality,hot,85,0.9530138210582311,0.9131323397682263
quality,hot,95,0.6919647934966305,0.9551207454627141
resolution,hot,256,0.9530138210582311,0.9131323397682263
resolution,hot,192,0.8145965855931409,0.9438713352571891
resolution,hot,128,0.675960498643555,0.962868444519951
resolution,hot,96,0.6169717555165577,0.9718722293267475
resolution,hot,64,0.5457123427436446,0.9825151681361715
quality,jet,50,1.5293786093917183,0.7680487623202609
quality,jet,65,1.4629236024628596,0.7848502572591065
quality,jet,75,1.3945644403074404,0.8072972857199464
quality,jet,85,1.2340246959865475,0.8486814348080995
quality,jet,95,1.0686632164909382,0.8863785317355218
resolution,jet,256,1.2340246959865475,0.8486814348080995
resolution,jet,192,1.083673706898932,0.8975711181629284
resolution,jet,128,0.8279225152278991,0.9433465475087054
resolution,jet,96,0.7395975195727884,0.9580023087276845
resolution,jet,64,0.6398349517557453,0.973811020851227
quality,viridis,50,1.6979570182407009,0.7464645427844038
quality,viridis,65,1.61350867165314,0.7629522906206249
quality,viridis,75,1.5548162713610494,0.7732278052605602
quality,viridis,85,1.4847631792823583,0.7865429611935131
quality,viridis,95,1.2438910140007344,0.8463234731431368
resolution,viridis,256,1.4847631792823583,0.7865429611935131
resolution,viridis,192,1.4417853923182153,0.8199362107828705
resolution,viridis,128,1.225802066746228,0.8717784954018575
resolution,viridis,96,1.1165872958156515,0.9020554001480097
resolution,viridis,64,0.8985192884772909,0.9472313439497875
quality,copper,50,3.0173834406963578,0.714414387344721
quality,copper,65,2.674174451474835,0.7782057737935845
quality,copper,75,2.546147275391491,0.7945591945831199
quality,copper,85,2.1244924019862816,0.8628338064521234
quality,copper,95,1.5549574523487173,0.927980609563046
resolution,copper,256,2.1244924019862816,0.8628338064521234
resolution,copper,192,1.5881282992757186,0.9318001960592885
resolution,copper,128,1.3703490170833736,0.9550994338865963
resolution,copper,96,1.2102718236535372,0.9670925157148731
resolution,copper,64,1.043838025898775,0.9801657701630404
quality,hot,50,2.8138183114191424,0.7409746645319484
quality,hot,65,2.6113473727057404,0.7797870336912957
quality,hot,75,2.395604563800071,0.8182948361928738
quality,hot,85,2.086210566924463,0.8641589683677717
quality,hot,95,1.8636623277249038,0.8962031272006873
resolution,hot,256,2.086210566924463,0.8641589683677717
resolution,hot,192,1.644595826277613,0.9245274822496434
resolution,hot,128,1.3291307491112945,0.9575018699220247
resolution,hot,96,1.1647449099317024,0.9666480248606252
resolution,hot,64,0.9900886812766599,0.9792885978654607
quality,jet,50,3.474556298596982,0.5625770863486135
quality,jet,65,3.2683342857753073,0.6086626538881327
quality,jet,75,3.114379922832542,0.6441680009115708
quality,jet,85,2.9206018687337436,0.6864914435080827
quality,jet,95,2.8294822246930136,0.7062831160194466
resolution,jet,256,2.9206018687337436,0.6864914435080827
resolution,jet,192,2.1770298080410546,0.8550120849149456
resolution,jet,128,1.5252433107060603,0.9451472946122558
resolution,jet,96,1.3765227013052892,0.958025804697529
resolution,jet,64,1.2850138209407205,0.9756098184241369
quality,viridis,50,3.946612419100834,0.47886035220832446
quality,viridis,65,3.7679557666467205,0.5183545896205661
quality,viridis,75,3.6099614818308083,0.5628522714594174
quality,viridis,85,3.3460880734596854,0.6174032445579998
quality,viridis,95,2.8950000652055596,0.7150792074449042
resolution,viridis,256,3.3460880734596854,0.6174032445579998
resolution,viridis,192,2.696359765063992,0.7772920479688863
resolution,viridis,128,2.1535011318890893,0.8758994784572215
resolution,viridis,96,1.7668541054353968,0.9179308669883119
resolution,viridis,64,1.2929643372988076,0.9631770573100158
quality,copper,50,4.166080121151096,0.6865924933965815
quality,copper,65,3.663938727111402,0.7645695249011852
quality,copper,75,3.348511034947504,0.8082503193735101
quality,copper,85,2.700838023716311,0.8819660075649287
quality,copper,95,2.136263594993805,0.9234074053070571
resolution,copper,256,2.700838023716311,0.8819660075649287
resolution,copper,192,1.7361548644036888,0.9351388319633295
resolution,copper,128,1.274379342180694,0.9604400607372054
resolution,copper,96,1.0553502214444177,0.9729106044438529
resolution,copper,64,0.7919303886315393,0.9875629820900029
quality,hot,50,3.733551330706295,0.7566742829606931
quality,hot,65,3.3768985745543567,0.8055366899236409
quality,hot,75,3.050477243816091,0.8420489818471102
quality,hot,85,2.773633268716168,0.8708176980488591
quality,hot,95,2.595091185504474,0.8875059894533517
resolution,hot,256,2.773633268716168,0.8708176980488591
resolution,hot,192,2.106322769057385,0.9065242973008246
resolution,hot,128,1.80174775990171,0.9260773750528638
resolution,hot,96,1.7400025854306218,0.9261030730109763
resolution,hot,64,2.1475227561871644,0.9162788069463883
quality,jet,50,4.64905846985433,0.4311526681304336
quality,jet,65,4.422922859272265,0.48286934823884536
quality,jet,75,4.260263178265014,0.5175732469487249
quality,jet,85,4.081015333533749,0.5437290990102653
quality,jet,95,4.015951324313863,0.5512308799311437
resolution,jet,256,4.081015333533749,0.5437290990102653
resolution,jet,192,2.5007253514562375,0.8088152255828858
resolution,jet,128,1.5062141523230104,0.9440245245015253
resolution,jet,96,1.3265741687549535,0.9512974203511252
resolution,jet,64,1.1910535009326713,0.9679814839679329
quality,viridis,50,5.607121754684393,0.3975575807103839
quality,viridis,65,5.370627387065243,0.43081445803327395
quality,viridis,75,5.155481124155228,0.47403377392417323
quality,viridis,85,4.824058010949947,0.531717301018521
quality,viridis,95,4.32425063123233,0.6343112332416418
resolution,viridis,256,4.824058010949947,0.531717301018521
resolution,viridis,192,3.291650132108833,0.7354895459966463
resolution,viridis,128,2.2993764293954,0.8709129025586733
resolution,viridis,96,1.874734307259697,0.9183303956817289
resolution,viridis,64,1.4767948445100512,0.9663544440755597
quality,copper,50,1.7474278819418987,0.845744839402536
quality,copper,65,1.5016740315577988,0.8777467028129932
quality,copper,75,1.3917858543584658,0.8953162913839646
quality,copper,85,1.2052059661174663,0.9156664781430229
quality,copper,95,0.9248443166686184,0.9492287367798107
resolution,copper,256,1.2052059661174663,0.9156664781430229
resolution,copper,192,0.883091274184588,0.9600113541832123
resolution,copper,128,0.7819430863159613,0.975877171756093
resolution,copper,96,0.7402308459124527,0.9832104513399424
resolution,copper,64,0.6866757557654946,0.9909527821050189
quality,hot,50,1.494778757267183,0.866205397172338
quality,hot,65,1.3945554793800248,0.880274059501399
quality,hot,75,1.2888003273983781,0.8944549988367381
quality,hot,85,1.1617221904103576,0.9117832109619043
quality,hot,95,0.9348383820300785,0.9416830296524262
resolution,hot,256,1.1617221904103576,0.9117832109619043
resolution,hot,192,0.8516994161140783,0.9595370880850053
resolution,hot,128,0.7935017370536215,0.975194237109759
resolution,hot,96,0.758214078642169,0.9808742687237928
resolution,hot,64,0.8905165989566208,0.9843554382851439
quality,jet,50,1.4100522265179267,0.8717083646511957
quality,jet,65,1.3008864622088243,0.8892503983476097
quality,jet,75,1.2254586635225455,0.9007459240178154
quality,jet,85,1.0871522131865647,0.9196705127493365
quality,jet,95,0.9140017736065386,0.9430859869032128
resolution,jet,256,1.0871522131865647,0.9196705127493365
resolution,jet,192,0.7588892606280699,0.966199795198496
resolution,jet,128,0.6421789623956234,0.9827107279280045
resolution,jet,96,0.5714993082669954,0.9890611027037798
resolution,jet,64,0.5168588110562614,0.9920584859522151
quality,viridis,50,1.9497544396892335,0.8068740012310762
quality,viridis,65,1.7884074784381907,0.8309093825817885
quality,viridis,75,1.70492322891975,0.8406751309297974
quality,viridis,85,1.5150089136509495,0.8683945562861223
quality,viridis,95,1.233319840316732,0.9124464591305064
resolution,viridis,256,1.5150089136509495,0.8683945562861223
resolution,viridis,192,1.1658835534537595,0.9373242400123183
resolution,viridis,128,0.945488170701432,0.9699401672193543
resolution,viridis,96,0.8070471363251043,0.9830438939601044
resolution,viridis,64,0.6234237138600266,0.9943486187566684
quality,copper,50,2.2620672850086043,0.7829575566728733
quality,copper,65,1.9941418724738689,0.8269290070511
quality,copper,75,1.8668155955286692,0.8448998863742719
quality,copper,85,1.6221171756516852,0.8831402920404632
quality,copper,95,1.2336047601493099,0.9333111356586535
resolution,copper,256,1.6221171756516852,0.8831402920404632
resolution,copper,192,1.3032306515271421,0.9326714182697525
resolution,copper,128,1.1156371353358845,0.9525589795718007
resolution,copper,96,1.0080009713351479,0.9641416272917315
resolution,copper,64,0.8389261846361136,0.980573980467586
quality,hot,50,2.293619609015866,0.7854482390549045
quality,hot,65,2.2006185779929996,0.801435456093471
quality,hot,75,2.0217676128495414,0.8298536239534812
quality,hot,85,1.7165921280550192,0.8753290965842563
quality,hot,95,1.3602997901426255,0.9206316733938703
resolution,hot,256,1.7165921280550192,0.8753290965842563
resolution,hot,192,1.4094476529052198,0.9248532269387356
resolution,hot,128,1.1632103958629814,0.9519682785235039
resolution,hot,96,1.0226783158902504,0.96437265145667
resolution,hot,64,0.8959066129301781,0.9788506970973551
quality,jet,50,2.8602474491992522,0.5992731340614739
quality,jet,65,2.6531208998621327,0.6643096349142715
quality,jet,75,2.4330457628908553,0.7163232276945588
quality,jet,85,2.182139787116329,0.7680469184077673
quality,jet,95,2.0627123936078853,0.7891439862077153
resolution,jet,256,2.182139787116329,0.7680469184077673
resolution,jet,192,1.800103421238836,0.8704210938994875
resolution,jet,128,1.3427725018131114,0.9392995931971595
resolution,jet,96,1.2101105095598685,0.9557305062169474
resolution,jet,64,0.9922170234414043,0.9780138328007459
quality,viridis,50,3.0101445860751412,0.5733492035423833
quality,viridis,65,2.9811906649343514,0.5738722981355836
quality,viridis,75,2.833032967780635,0.6110766787327755
quality,viridis,85,2.627201943700217,0.6621904061228362
quality,viridis,95,2.059578508488578,0.7958438282211555
resolution,viridis,256,2.627201943700217,0.6621904061228362
resolution,viridis,192,2.4005247212120744,0.7575595201842842
resolution,viridis,128,2.0078326550262267,0.8463755003136021
resolution,viridis,96,1.7114083728654286,0.8961961290218624
resolution,viridis,64,1.165445905238709,0.9621537268819123
quality,copper,50,2.0012135320744573,0.7884940223322064
quality,copper,65,1.729007419418483,0.8393323422827303
quality,copper,75,1.6333228774940418,0.8536203560776643
quality,copper,85,1.3790824043729741,0.896196658174891
quality,copper,95,1.0663886086924292,0.934600667470098
resolution,copper,256,1.3790824043729741,0.896196658174891
resolution,copper,192,0.9786146470315249,0.947597909867521
resolution,copper,128,0.8311306303360734,0.9639173829408382
resolution,copper,96,0.7489418837393061,0.9716493208993628
resolution,copper,64,0.6341941445983983,0.9827558657562995
quality,hot,50,1.9703356388674098,0.8114509856234244
quality,hot,65,1.9121460776710226,0.824381586999345
quality,hot,75,1.737242947556244,0.8540740603465969
quality,hot,85,1.5481958179073663,0.8848419911601593
quality,hot,95,1.1989348984876935,0.9317840397171748
resolution,hot,256,1.5481958179073663,0.8848419911601593
resolution,hot,192,1.290326826253183,0.9239137458674064
resolution,hot,128,1.2347664027728458,0.9342156516833513
resolution,hot,96,1.1933220147361263,0.9394327838836033
resolution,hot,64,1.290554194269454,0.9422161884990192
quality,jet,50,2.278592476786029,0.6813229170269812
quality,jet,65,2.149029381049962,0.7166648320985195
quality,jet,75,2.0113773121932486,0.7542691318032132
quality,jet,85,1.7950544314462498,0.8043089548704082
quality,jet,95,1.651949988820605,0.8326427994375413
resolution,jet,256,1.7950544314462498,0.8043089548704082
resolution,jet,192,1.3197285441243956,0.8999858393552397
resolution,jet,128,1.0505789515006678,0.9466506548544713
resolution,jet,96,0.938116403422781,0.9617585884289368
resolution,jet,64,0.897359475729108,0.9768821226813819
quality,viridis,50,2.5506818906856346,0.6597324381678378
quality,viridis,65,2.4508576886482616,0.6671568275488269
quality,viridis,75,2.3093428946726036,0.6905119877037121
quality,viridis,85,2.1338715669543245,0.7267654870573463
quality,viridis,95,1.729027569113872,0.8202229380489318
resolution,viridis,256,2.1338715669543245,0.7267654870573463
resolution,viridis,192,1.693893622978676,0.8254995922367969
resolution,viridis,128,1.412168005299778,0.8849543950037022
resolution,viridis,96,1.196769047414797,0.9208802230458726
resolution,viridis,64,0.8653917904712914,0.9648453866128671
quality,copper,50,2.3404422165988836,0.7994553658338458
quality,copper,65,2.044013048772189,0.8438755806096216
quality,copper,75,1.8886049288005053,0.8678714524548539
quality,copper,85,1.6337650559275374,0.8987449826857937
quality,copper,95,1.2044002362957151,0.9456130599469836
resolution,copper,256,1.6337650559275374,0.8987449826857937
resolution,copper,192,1.1849490447198265,0.9509462364377134
resolution,copper,128,0.9490708098165842,0.9719402317015408
resolution,copper,96,0.8387564344853059,0.9813625328846073
resolution,copper,64,0.6254578403147942,0.9912350348916613
quality,hot,50,2.55092201435413,0.7555619581151413
quality,hot,65,2.4472749629976436,0.7785026004842951
quality,hot,75,2.2554555277918724,0.8062602642124812
quality,hot,85,1.9880610643117735,0.8494953221436102
quality,hot,95,1.6486150672799929,0.8998155953674207
resolution,hot,256,1.9880610643117735,0.8494953221436102
resolution,hot,192,1.6612669393188622,0.9179057666725853
resolution,hot,128,1.4535437230246826,0.9506832305940367
resolution,hot,96,1.3921179834039052,0.9619464711719321
resolution,hot,64,1.3559102205979159,0.970345831957087
quality,jet,50,2.475731476072996,0.7595646647568686
quality,jet,65,2.299887516970249,0.7955441592959536
quality,jet,75,2.1658051424780207,0.8199375206400301
quality,jet,85,1.954898371304668,0.8511452661854149
quality,jet,95,1.8071961366691993,0.8719607378876866
resolution,jet,256,1.954898371304668,0.8511452661854149
resolution,jet,192,1.4584736697324956,0.9284812957387054
resolution,jet,128,1.1073736670802787,0.9652071653185645
resolution,jet,96,1.007734563647838,0.9744845315172249
resolution,jet,64,0.8564146681567946,0.9839068221598439
quality,viridis,50,2.9445754777751887,0.6605698229356389
quality,viridis,65,2.8658162658481325,0.6751170222886238
quality,viridis,75,2.7418328864557253,0.6955563995608529
quality,viridis,85,2.444293180073618,0.7569809517152245
quality,viridis,95,1.9850262660713027,0.8414497339911933
resolution,viridis,256,2.444293180073618,0.7569809517152245
resolution,viridis,192,1.8987377482977401,0.871542916549818
resolution,viridis,128,1.448082021542914,0.937836522913378
resolution,viridis,96,1.1928911185032585,0.9643609667016999
resolution,viridis,64,0.7456799183681074,0.9881011741008349
quality,copper,50,2.021716500613095,0.791237497340203
quality,copper,65,1.765019558995334,0.8357707842095208
quality,copper,75,1.6520732832811444,0.8547942024885058
quality,copper,85,1.4448351399848476,0.8874107214362483
quality,copper,95,1.009720597621765,0.9469187847691397
resolution,copper,256,1.4448351399848476,0.8874107214362483
resolution,copper,192,0.9536161090268104,0.9573766636632686
resolution,copper,128,0.8410098196481524,0.9753677796174663
resolution,copper,96,0.7986907281554511,0.9825714037906327
resolution,copper,64,0.6916654079745411,0.9913992476742259
quality,hot,50,2.0449089279661368,0.7808376546300975
quality,hot,65,1.9915166796631856,0.7942104668389738
quality,hot,75,1.8715131826123954,0.812301686035531
quality,hot,85,1.6979464197342313,0.8457329237745123
quality,hot,95,1.39185652829371,0.898651746991918
resolution,hot,256,1.6979464197342313,0.8457329237745123
resolution,hot,192,1.3063587303661832,0.9320821281761217
resolution,hot,128,1.2052304475067284,0.9609544014294943
resolution,hot,96,1.1908707664633382,0.9710681396176769
resolution,hot,64,1.2307453587330608,0.981818282882988
quality,jet,50,1.8557299963572982,0.8120222956877202
quality,jet,65,1.7573326128501758,0.8325945823495561
quality,jet,75,1.6467664580327366,0.8535888421267683
quality,jet,85,1.4518743125312947,0.8853240972345281
quality,jet,95,1.2958448614068088,0.9085984613171896
resolution,jet,256,1.4518743125312947,0.8853240972345281
resolution,jet,192,1.0017271181660814,0.9553576947508645
resolution,jet,128,0.8279636535049164,0.9786942155404903
resolution,jet,96,0.7622509147716614,0.9854901536417519
resolution,jet,64,0.7027136664407352,0.9926370375770905
quality,viridis,50,2.321482686241712,0.7160944336274907
quality,viridis,65,2.2204674722343305,0.7331048409096164
quality,viridis,75,2.106255016398759,0.7521880552330514
quality,viridis,85,1.9486999336043944,0.7848413584980347
quality,viridis,95,1.6191492261571392,0.850888062802806
resolution,viridis,256,1.9486999336043944,0.7848413584980347
resolution,viridis,192,1.4493247430727407,0.8995984557640895
resolution,viridis,128,1.2355964799062513,0.9471124769203306
resolution,viridis,96,1.094836156200965,0.9673457612370154
resolution,viridis,64,0.8241323225339643,0.9883588834386365
quality,copper,50,2.036706896441937,0.8247299276214776
quality,copper,65,1.6718072024724633,0.8768437093542996
quality,copper,75,1.5620564012170979,0.8909667261849176
quality,copper,85,1.3550034717148154,0.9172351304487624
quality,copper,95,0.9960194122024112,0.9556611569296564
resolution,copper,256,1.3550034717148154,0.9172351304487624
resolution,copper,192,1.0897316580441452,0.9588001379446571
resolution,copper,128,1.0340644309622937,0.9743098061212551
resolution,copper,96,0.9940823714184591,0.9812982149746984
resolution,copper,64,0.7773403312135655,0.9910192111089755
quality,hot,50,2.059596066748342,0.8218926164434524
quality,hot,65,2.0375113997125602,0.831141292552658
quality,hot,75,1.8459897909198262,0.8519013873628895
quality,hot,85,1.6469250748436643,0.8828998039334627
quality,hot,95,1.3313496423907274,0.9274077763503832
resolution,hot,256,1.6469250748436643,0.8828998039334627
resolution,hot,192,1.6116722835110917,0.9238654024078898
resolution,hot,128,1.7687231518203839,0.94021105215127
resolution,hot,96,1.8509349939516706,0.9467237832951354
resolution,hot,64,2.053149918744123,0.9501692289800727
quality,jet,50,1.8853858202101375,0.8368205286869779
quality,jet,65,1.768987290418184,0.8561720448942638
quality,jet,75,1.6535808964417114,0.8749974476986146
quality,jet,85,1.471150915747425,0.9009592972662319
quality,jet,95,1.3083226858789674,0.9219823497200352
resolution,jet,256,1.471150915747425,0.9009592972662319
resolution,jet,192,1.2309671768440897,0.95189931271665
resolution,jet,128,1.1616103825543327,0.9729741401052132
resolution,jet,96,1.130240679452163,0.9787892173191914
resolution,jet,64,1.0749291918873816,0.9847223046942349
quality,viridis,50,2.4272233008953052,0.7446613208623991
quality,viridis,65,2.3402940015837195,0.75803483995081
quality,viridis,75,2.1803322218130967,0.7833808753778829
quality,viridis,85,1.9502070526238535,0.8206575164726457
quality,viridis,95,1.573358243591854,0.8816183546371145
resolution,viridis,256,1.9502070526238535,0.8206575164726457
resolution,viridis,192,1.709358915902888,0.8973979945203996
resolution,viridis,128,1.579633687589864,0.9425102859389676
resolution,viridis,96,1.4127973453363398,0.9625855651507134
resolution,viridis,64,0.9829380430878292,0.9858898236356208
quality,copper,50,2.0917324517289217,0.7815108795860035
quality,copper,65,1.876471581172877,0.8204768146841961
quality,copper,75,1.7417756484425995,0.8456921518891957
quality,copper,85,1.5121728946706903,0.8828471295562468
quality,copper,95,1.0814776139857707,0.9434950223274876
resolution,copper,256,1.5121728946706903,0.8828471295562468
resolution,copper,192,1.0225064657549328,0.9515659612416257
resolution,copper,128,0.8949829405225843,0.9717340958348848
resolution,copper,96,0.9241581478981072,0.9796583608639501
resolution,copper,64,0.8490069334330281,0.9887379477481989
quality,hot,50,2.222417352762299,0.7487465667473567
quality,hot,65,2.1587055337310446,0.7629740285184249
quality,hot,75,2.0245605700754132,0.7865866591537674
quality,hot,85,1.8459199264796828,0.8249931063257111
quality,hot,95,1.5136979684555494,0.887114136070714
resolution,hot,256,1.8459199264796828,0.8249931063257111
resolution,hot,192,1.4352432020634853,0.9168020841237858
resolution,hot,128,1.2930202710827237,0.9515402061236423
resolution,hot,96,1.297307016558973,0.9643901070637381
resolution,hot,64,1.2748634334353641,0.976588487364568
quality,jet,50,2.057013861635817,0.779852387145272
quality,jet,65,1.9415699920444944,0.8066038394018792
quality,jet,75,1.870284506010133,0.8228846269943306
quality,jet,85,1.6536592651602133,0.8588284204811258
quality,jet,95,1.4774290550465192,0.8864728223886956
resolution,jet,256,1.6536592651602133,0.8588284204811258
resolution,jet,192,1.1933596982058694,0.9316426859267097
resolution,jet,128,0.9858695435942801,0.9642219723806897
resolution,jet,96,0.9881370003099776,0.973496112413216
resolution,jet,64,0.9291767493100357,0.9836435564322074
quality,viridis,50,2.4120593434824324,0.687876701374288
quality,viridis,65,2.3488908281678436,0.6998028992544844
quality,viridis,75,2.2374937364264857,0.7212876168164887
quality,viridis,85,2.0661334518053165,0.7606052675400715
quality,viridis,95,1.7068727348732826,0.8388744050033201
resolution,viridis,256,2.0661334518053165,0.7606052675400715
resolution,viridis,192,1.544415052047217,0.8820662885230934
resolution,viridis,128,1.283190418720429,0.9398898294241627
resolution,viridis,96,1.200404153973385,0.9626825999645565
resolution,viridis,64,0.9091985551426939,0.9867268499298525
quality,copper,50,2.5173369140132915,0.8061000378392027
quality,copper,65,2.1891478700333122,0.8504497525544451
quality,copper,75,2.059833271315676,0.8663417272075841
quality,copper,85,1.7555515381039493,0.9036814753105906
quality,copper,95,1.2984723024253007,0.9493175455054966
resolution,copper,256,1.7555515381039493,0.9036814753105906
resolution,copper,192,1.2269016852347736,0.9615201849210322
resolution,copper,128,1.0273974812040045,0.9811155986960426
resolution,copper,96,0.9899375199681206,0.9877685463177103
resolution,copper,64,0.835291043970429,0.9950789831948044
quality,hot,50,2.5669892366994365,0.807905590557469
quality,hot,65,2.482240238312041,0.8229384112337458
quality,hot,75,2.287665826304945,0.8461392198866038
quality,hot,85,2.0264088869244494,0.880617566177681
quality,hot,95,1.682583897692223,0.9205241604328862
resolution,hot,256,2.0264088869244494,0.880617566177681
resolution,hot,192,1.7175178396436872,0.9337033031651651
resolution,hot,128,1.5849571179354403,0.9588043691144036
resolution,hot,96,1.6047790957687231,0.9665852955405643
resolution,hot,64,1.7230580862483504,0.971394336815544
quality,jet,50,2.8044961650487923,0.7290122591078583
quality,jet,65,2.656088857114509,0.7627691500625523
quality,jet,75,2.4832743975227403,0.7915602514164957
quality,jet,85,2.256953006660024,0.8277600094522825
quality,jet,95,2.1378558483950236,0.8427493480798304
resolution,jet,256,2.256953006660024,0.8277600094522825
resolution,jet,192,1.6529848148894608,0.9321635044567694
resolution,jet,128,1.267634024901178,0.975992071979401
resolution,jet,96,1.2216351781199648,0.9844404589039818
resolution,jet,64,1.195729055051743,0.9913495577465765
quality,viridis,50,3.160840223484017,0.6758557625259368
quality,viridis,65,3.043975329848026,0.6916342783695955
quality,viridis,75,2.8898595383617796,0.7187790811883858
quality,viridis,85,2.672517782148286,0.7557531261569806
quality,viridis,95,2.20426504993504,0.8357414809007265
resolution,viridis,256,2.672517782148286,0.7557531261569806
resolution,viridis,192,2.0668721800206606,0.8833362150520137
resolution,viridis,128,1.6381727041081553,0.9493002592036526
resolution,viridis,96,1.4118037397439254,0.9726388336497643
resolution,viridis,64,0.9923917205428066,0.9915766921213438
